Longitude,Latitude,Name,Location
-110.861,32.18,Agave Gulch Military,
-113.579,34.231,Alamo Lake State Park,Wenden
-109.153,33.895,Alpine Divide,Alpine
-112.561,34.589,Alto Pit,Prescott
-110.366,31.56,Apache Flats Military -  Fort Huachuca,Sierra Vista
-109.819,32.649,Arcadia,Safford
-111.409,35.018,Ashurst Lake,Flagstaff
-110.946,34.327,Aspen,Payson
-109.314,33.807,Aspen,
-111.204,33.714,Bachelors Cove,Roosevelt
-111.639,33.84,Bartlett Flat,Carefree
-109.307,31.781,Bathtub,Elfrida
-111.714,34.67,Beaver Creek,Camp Verde
-109.449,34.044,Benny Creek,Eagar
-111.226,33.746,Bermuda Flat,Roosevelt
-110.743,34.305,Black Canyon Rim,Forest Lakes
-109.08,33.057,Black Jack,Clifton
-111.201,34.591,Blue Ridge,Winslow
-110.876,31.727,Bog Springs,Green Valley
-109.355,32.011,Bonita Canyon - Chiricahua National Monument,Willcox
-109.576,33.065,Bonito,
-111.556,35.372,Bonito - Sunset Crater National Monument,Flagstaff
-111.75,34.969,Bootlegger,Sedona
-109.918,34.071,Bootlegger,
-114.02,33.928,Bouse Community Park,Bouse
-111.66,33.74,Box Bar,Scottsdale
-109.413,33.876,Brookchar,Eagar
-112.642,33.277,Buckeye Hills Co Park,Buckeye
-114.161,34.254,Buckskin State Park,Parker
-109.355,33.768,Buffalo Crossing,Alpine
-111.203,33.626,Burnt Corral,Roosevelt
-113.45,34.538,Burro Creek,Wikieup
-109.37,31.758,Camp Rucker,Douglas
-110.823,34.32,Canyon Point,
-111.599,35.125,Canyon Vista,Flagstaff
-110.938,32.416,Catalina State Park,Tucson
-114.171,34.354,Cattail Cove State Park,Lake Havasu City
-112.015,33.824,Cave Creek Rec Area,Cave Creek
-111.74,34.996,Cave Springs,
-111.865,33.971,CCC,Carefree
-113.561,33.789,Centennial Park,Wenden
-110.841,34.509,Chevelon Canyon Lake,Heber
-110.788,34.591,Chevelon Crossing,Heber
-111.702,34.353,Childs,
-111.203,33.732,Cholla,Roosevelt
-111.205,33.719,Cholla Bay,Roosevelt
-111.035,34.308,Christopher Creek,Payson
-111.765,34.515,Clear Creek,Camp Verde
-111.315,34.555,Clints Well,Happy Jack
-109.06,33.103,Coal Creek,Clifton
-109.967,31.922,Cochise Stronghold,Sunsites
-112.711,33.981,Constellation Park,Wickenburg
-111.646,33.547,Coon Bluff,Mesa
-114.9,33.448,Coon Hollow Dispersed  LTVA - Mule Mountain,Quartzite
-109.539,36.148,Cottonwood - Canyon de Chelly National Monument,Chinle
-111.253,33.577,Crabtree Wash,Apache Junction
-110.942,34.318,Crook,Forest Lakes
-114.215,34.214,Crossroads,Lake Havasu Ci
-109.891,32.68,Cunningham,Safford
-109.418,33.872,Cutthroat,Eagar
-109.313,31.774,Cypress Park,Douglas
-111.485,34.956,Dairy Springs,Mormon Lake
-112.83,32.35,Darby Wells Rd Dispersed,Ajo
-114.563,35.183,Davis Camp - Mohave County,Bullhead City
-111.222,33.594,Davis Wash,Apache Junction
-112.135,36.412,De Motte,Jacob Lake
-112.019,34.754,Dead Horse Ranch State Park,Cottonwood
-109.32,33.804,Deer Creek,Alpine
-112.827,32.436,Dennison Campground - Ajo Regional Park,Ajo
-114.445,32.863,Desert Breeze Military - Yuma PG,Yuma
-111.823,36.039,Desert View - Grand Canyon National Park,Grand Canyon
-109.3,33.819,Diamond Rock,Alpine
-112.126,35.213,Dogtown Lake,Williams
-111.493,34.943,Double Springs,Flagstaff
-109.539,33.821,Drift Fence Lake,Greer
-112.376,33.385,Estrella Mountain Regional Park,Goodyear
-110.938,33.824,Falls,Young
-111.29,34.343,First Crossing,Payson
-111.352,34.303,Flowing Springs,Payson
-110.073,34.266,Fool Hollow State Rec Area,Show Low
-111.398,35.023,Forked Pine,Flagstaff
-111.693,35.142,Fort Tuthill County Park,Flagstaff
-111.693,35.139,Fort Tuthill Military - Luke AFB,Flagstaff
-114.453,32.724,Fortuna Pond,Yuma
-110.342,32.833,Fourmile Canyon,Klondyke
-109.487,33.929,Gabaldon,Eager
-110.329,31.529,Garden Canyon  Military - Fort Huachuca,Sierra Vista
-110.685,32.378,General Hitchcock,Tucson
-110.712,34.302,Gentry,Payson
-112.73,32.882,Gila Bend Military,Gila Bend
-110.787,33.394,Gila County RV Park,Globe
-111.143,32.219,Gilbert Ray,Tucson
-109.382,33.187,Granville,Morenci
-111.045,33.641,Grapevine Bay,Globe
-109.413,33.873,Grayling,Eagar
-112.751,32.238,Gunsite Wash Dispersed,Why
-110.964,34.218,Haigler Canyon,Young
-109.329,33.636,Hannagan,Alpine
-109.758,33.991,Hawley Lake,McNary
-112.285,34.17,Hazlett Hollow,Crown King
-109.234,31.873,Herb Martyr,Portal
-112.381,34.511,Hilltop,Prescott
-110.63,35.024,Homolovi Ruins State Park,Winslow
-109.481,33.475,Honeymoon,Clifton
-109.344,33.788,Horse Springs,Alpine
-111.717,33.977,Horseshoe,Carefree
-109.683,34.028,Horseshoe Cienega,McNary
-109.874,32.666,Hospital Flat,Safford
-109.396,32.55,Hot Well Dunes,Safford
-111.32,34.271,Houston Mesa,Payson
-113.879,35.097,Hualapai Mountain Park,Kingman
-110.803,33.324,Ice House CCC,Globe
-109.161,31.898,Idlewilde,Rodeo  NM
-114.489,32.904,Imperial Dam Long Term,
-112.497,34.479,Indian Creek,Prescott
-111.239,33.767,Indian Point,Roosevelt
-112.214,36.716,Jacob Lake,Jacob Lake
-109.222,31.878,John Hands,Rodeo NM
-110.643,33.591,Jones Water,Globe
-112.157,35.281,Kaibab Lake,Williams
-110.347,31.817,Kartchner Caverns State Park,Benson
-114.564,35.222,Katherine Landing - Lake Mead National Rec Area,Bullhead City
-110.204,35.813,Keams Canyon Community Park,Keams Canyon
-111.317,34.436,Kehl Springs,Clints Well
-112.277,34.175,Kentuck Springs,Crown King
-111.312,34.897,Kinnikinick,Flagstaff
-111.093,34.427,Knoll Lake,Blue Ridge
-109.355,33.576,KP Cienega,Alpine
-114.193,34.227,La Paz County Park,Parker
-114.224,34.423,Lake Havasu State Park,Lake Havasu
-114.476,32.986,Lake Martinez Military,Yuma
-112.319,33.864,Lake Pleasant,Peoria
-109.979,34.158,Lakeside,Lakeside
-111.497,35.067,Lakeview,Flagstaff
-110.448,31.429,Lakeview,Sonoita
-111.604,36.86,Lees Ferry - Glen Canyon Area,Marble Canyon
-111.621,35.359,Lockett Meadow,Flagstaff
-109.776,34.142,Los Burros,Lakeside
-111.481,33.464,Lost Dutchman State Park,Apache Junction
-109.341,33.267,Lower Juan Miller,Clifton
-109.885,33.995,Lower Log,Hon-Dah
-112.46,34.455,Lower Wolf Creek,Prescott
-109.082,33.835,Luna Lake,Alpine
-109.376,34.359,Lyman Lake State Park,St. Johns
-112.388,34.517,Lynx Lake,Prescott
-111.745,34.936,Manzanita,
-112.12,36.05,Mather - Grand Canyon National Park,Grand Canyon
-109.73,34.045,McCoy Bridge,McNary
-111.722,33.684,McDowell Mountain,Fountain Hills
-110.645,34.968,McHood,Winslow
-114.659,33.727,Midland LTVA Dispersed,Quartzite
-111.194,33.701,Mills Cove,
-112.12,34.693,Mingus Mountain,Clarkdale
-110.113,36.981,Mitten View - Monument Valley,
-114.472,32.817,Mittry Lake Dispersed,Yuma
-110.957,34.321,Mogollon,Forest Lakes
-110.692,32.337,Molino Basin,Tucson
-110.543,36.682,Navajo National Monument,Kayenta
-114.435,34.714,Needle Mt Road Dispersed,Topock
-112.061,36.211,North Rim - Grand Canyon National Park,
-111.051,33.308,Oak Flat,Superior
-111.253,33.762,Orange Peel,
-109.309,32.967,Owl Creek,Threeway
-114.723,33.396,Oxbow,
-109.535,33.773,Pacheta Lake,Alpine
-114.17,35.452,Packsaddle,Kingman
-113.048,33.023,Painted Rock,Gila Bend
-110.854,31.49,Patagonia Lake State Park,Patagonia
-110.716,32.538,Peppersauce,Oracle
-111.66,33.546,Phon D Sutton,New Franklin
-111.398,32.646,Picacho Peak State Park,Picacho
-110.83,33.287,Pinal,Globe
-111.738,35.013,Pine Flat,Sedona
-111.812,35.224,Pine View RV Military - Camp Navajo,Bellemont
-111.462,35.028,Pinegrove,Flagstaff
-109.271,31.933,Pinery Canyon,Portal
-110.797,33.28,Pioneer Pass,Globe
-111.113,34.299,Ponderosa,Payson
-112.154,34.711,Potato Patch,Clarkdale
-112.069,34.578,Powell Springs,Camp Verde
-114.2,33.66,Quartzite - La Paz Valley,Quartzite
-114.217,33.663,Quartzite - La Posa,Quartzite
-109.329,33.799,Raccoon,Alpine
-109.404,33.876,Rainbow,Greer
-110.304,31.428,Ramsey Vista,Sierra Vista
-110.29,31.429,Reef Townsite,Sierra Vista
-111.62,33.476,Regional Park - Usery Mt RA,Mesa
-109.5,33.844,Reservation Lake,Alpine
-109.963,32.708,Riggs Flat,Safford
-110.908,34.306,Rim,Forest Lakes
-114.141,34.254,River Island  - Buckskin State Park,Parker
-111.647,33.81,Riverside,Carefree
-109.481,32.883,Riverview,Sanchez
-111.219,34.563,Rock Crossing,Blue Ridge
-109.454,34.034,Rolfe C. Hoyer,Greer
-109.71,32.759,Roper Lake State Park,Safford
-110.704,32.393,Rose Canyon,Tucson
-110.979,33.83,Rose Creek,Young
-109.303,31.784,Rucker Forest Camp,Elfrida
-109.31,31.78,Rucker Lake,Douglas
-109.279,31.905,Rustler Park,Rodeo  NM
-110.988,0,Sawmill Flats,
-111.013,33.648,Schoolhouse,Roosevelt
-109.96,34.176,Scott Reservoir,Lakeside
-111.283,34.356,Second Crossing,Payson
-111.863,33.966,Seven Springs,Carefree
-109.858,32.657,Shannon,Safford
-110.996,34.307,Sharp Creek,Payson
-110.007,34.195,Show Low Lake,Show Low
-109.733,34.063,Shush Be Tou,McNary
-109.724,34.056,Shush Bezahze,McNary
-110.886,34.306,Sinkhole,Forest Lakes
-109.92,32.699,Soldier Creek,Safford
-110.74,32.417,Spencer Canyon,Tucson
-110.936,34.332,Spillway,Heber
-114.474,32.902,Squaw Lake,Yuma
-109.167,31.891,Stewart,Portal
-109.849,32.592,Stockton Pass,Safford
-109.318,33.55,Strayhorse,Alpine
-110.868,33.293,Sulphide Del Ray,Globe
-109.201,35.679,Summit,St. Michaels
-109.175,31.885,Sunny Flat,Rodeo NM
-109.548,33.992,Sunrise Lake,Eagar
-113.843,34.171,Swansea Ghost Town,Parker
-114.325,36.032,Temple Bar Marina - Lake Mead National Rec Area,Temple Bar
-112.123,35.938,TenX,Tusayan
-111.281,34.365,Third Crossing,Payson
-110.571,33.688,Timber Camp,Globe
-111.093,34.329,Tonto Creek,Payson
-111.396,33.529,Tortilla,Apache Junction
-112.113,36.053,Trailer Village - Grand Canyon National Park,Grand Canyon
-112.811,31.942,Twin Peaks - Organ Pipe Cactus National Monument,Lukeville
-111.203,33.633,Upper Burnt Corral,Apache Junction
-110.806,34.288,Upper Canyon Creek,Young
-109.347,33.269,Upper Juan Miller,Clifton
-111.094,34.339,Upper Tonto Creek,Payson
-111.619,33.476,Usery Mountain,Mesa
-110.797,34.244,Valentine Ridge,Heber
-113.794,36.951,Virgin River,Littlefield
-112.821,33.881,Vulture Peak Rd - Box Wash dispersed,Wickenburg
-111.496,36.996,Wahweap - Glen Canyon National Rec Area,Page
-111.286,34.352,Water Wheel,Payson
-112.422,34.592,Watson Lake Park,Prescott
-109.413,33.79,West Fork,Alpine
-109.359,31.865,West Turkey Creek,Douglas
-109.092,36.215,Wheatfields Lake,Fort Defiance
-112.017,35.119,White Horse Lake,Williams
-111.089,31.395,White Rock,Nogales
-112.477,34.509,White Spar,Prescott
-112.499,33.566,White Tank Mountain,Litchfield Park
-109.721,31.562,Whitewater Draw,Tombstone
-113.871,35.065,Wild Cow Springs,Kingman
-114.888,33.494,Wiley Wells Dispersed  - Mule Mountain,Quartzite
-114.66,35.87,Willow Beach  - Lake Mead National Rec Area,Henderson
-111.087,33.667,Windy Hill,Roosevelt
-114.161,35.436,Windy Point,Kingman
-109.484,33.965,Winn,Greer
-112.545,34.613,Yavapai,Prescott
-114.423,32.728,Yuma VFW,Yuma
-106.345,37.379,Alamosa,La Jara
-106.858,38.654,Almont,Almont
-105.562,38.08,Alvarado,Westcliffe
-107.665,38.019,Amphitheater,Ouray
-106.221,38.583,Angel of Shavano,Poncha Springs
-105.35,40.689,Ansel Watrous,Rustic
-105.76,40.121,Arapaho Bay,Granby
-104.733,38.251,Arkansas Point - Lake Pueblo State Park,Pueblo
-106.032,40.517,Aspen,Gould
-105.843,39.425,Aspen,Jefferson
-106.275,37.073,Aspen Glade,Antonito
-105.819,40.619,Aspen Glen,Fort Collins
-107.78,39.222,Aspen Grove - Vega State Park,Collbran
-105.416,39.864,Aspen Meadow  - Golden Gate Canyon State Park,Golden
-105.594,40.4,Aspenglen - Rocky Mountain National Park,Estes Park
-107.204,39.236,Avalanche,Redstone
-106.351,39.27,Baby Doe,Leadville
-105.177,39.654,Bear Creek Lake Park,Lakewood
-105.143,37.326,Bear Lake,La Veta
-107.07,40.045,Bear Lake,Yampa
-106.676,37.617,Beaver Creek,South Fork
-106.133,40.053,Beaver Creek Unti - Hot Sulphur State Wildlife Area,Parshall
-107.545,38.25,Beaver Lake,Cimarron
-105.617,40.771,Bellaire Lake,Red Feather Lakes
-106.349,39.269,Belle of Colorado,Leadville
-105.724,40.708,Big Bend,Fort Collins
-107.385,38.217,Big Blue,Sapeniro
-107.545,38.258,Big Cimarron,Cimarron
-107.883,39.078,Big Creek,Collbran
-106.609,40.935,Big Creek Lakes,
-108.55,38.745,Big Dominguez,Whitewater
-106.795,37.54,Big Meadows,South Fork
-105.807,40.633,Big South,Fort Collins
-106.581,40.067,Blacktail Creek,Yampa
-106.885,37.145,Blanco River,Pagosa
-106.366,39.472,Blodgett,Vail
-105.139,37.313,Blue Lake,La Veta
-105.362,38.961,Blue Mountain,Florissant
-106.131,39.726,Blue River,Silverthorne
-105.965,40.56,Bockman - State Forest State Park,Walden
-107.262,39.1,Bogan Flats,Redstone
-107.898,39.104,Bonham Lake City Park,
-105.126,40.155,Boulder County Fairground,Boulder
-105.058,40.43,Boyd Lake State Park,Loveland
-108.738,37.657,Bradfield,Cortez
-107.199,37.465,Bridge,Pagosa Springs
-107.144,37.818,Bristol Head,Creede
-105.927,40.796,Browns Park,Gould
-103.625,40.249,Brush Memorial RV Park,Brush
-109.045,38.44,Buckeye,Paradox
-105.634,39.994,Buckingham,Boulder
-105.329,39.341,Buffalo,Buffalo Creek
-106.517,38.185,Buffalo Pass,Saguache
-105.987,39.032,Buffalo Springs,Fairplay
-105.711,39.513,Burning Bear,Jefferson
-108.066,37.788,Burro Bridge,Dolores
-105.897,39.876,Byers Creek,Fraser
-108.694,37.63,Cabin Canyon,Cortez
-105.521,40.128,Camp Dick,Ward
-106.314,39.42,Camp Hale Memorial,Minturn
-107.983,39.042,Carp Lake,Cedaredge
-104.57,37.144,Carpios Ridge - Trinidad Lake State Park,Trinidad
-105.22,40.355,Carter Lake - North Side Campgrounds,Loveland
-105.209,40.32,Carter Lake - South Side Campgrounds,Berthoud
-106.245,38.71,Cascade,Nathrop
-104.584,39.364,Casey Jones Park,Elizabeth
-106.832,39.891,Catamount,Eagle
-106.307,39.837,Cataract Creek,Silverthorne
-106.605,37.822,Cathedral,Del Norte
-107.977,37.77,Cayton,Rico
-107.1,38.047,Cebolla,Lake City
-106.837,38.828,Cement Creek,Crested Butte
-106.233,38.713,Chalk Lake,Nathrop
-105.852,40.597,Chambers Lake,Rustic
-106.637,39.309,Chapman,Basalt
-107.091,40.186,Chapman Reservoir,Yampa
-105.063,39.539,Chatfield State Park,Littleton
-104.829,39.647,Cherry Creek State Park,Aurora
-104.809,38.738,Cheyenne Mountain State Park,Colorado Sprin
-107.554,38.442,Cimarron - Curecanti National Rec Area,Cimarron
-107.209,37.539,Cimarrona,Pagosa Springs
-105.231,39.754,Clear Creek RV Park,Golden
-105.708,39.652,Clear Lake,Georgetown
-105.804,38.334,Coaldale,Salida
-107.204,39.676,Coffee Pot Spring,Gypsum
-106.642,38.767,Cold Spring,Almont
-107.119,40.03,Cold Springs,Yampa
-105.497,39.842,Cold Springs,Black Hawk
-107.957,39.081,Collbran - Cottonwood Lake,Cedaredge
-106.316,38.813,Collegiate Peaks,Buena Vista
-105.094,39.08,Colorado,Woodland Park
-105.549,39.817,Columbine,Central City
-108.381,38.424,Columbine,Montrose
-106.603,38.599,Comanche,Ohio City
-106.362,37.445,Comstock,Monte Vista
-106.444,37.171,Conejos,Antonito
-106.292,38.782,Cottonwood Lake,Buena Vista
-105.461,38.909,Cove,Woodland Park
-106.279,39.875,Cow Creek,Silverthorne
-105.12,38.871,Crags,Divide
-107.599,38.688,Crawford State Park,Crawford
-108.923,40.81,Crook - Browns Wildlife Area,Maybell
-107.052,40.17,Crosho Lake Recreation Area,Oak Creek
-106.65,37.581,Cross Creek,South Fork
-104.343,40.644,Crow Valley,Fort Collins
-105.071,38.055,Davenport,Colorado City
-106.231,39.838,Davis Springs,Silverthorne
-106.738,39.361,Dearhamer,Basalt
-107.302,39.772,Deep Lake,Gypsum
-105.554,39.508,Deer Creek,Bailey
-107.188,38.022,Deer Lakes,Lake City
-108.523,40.45,Deerlodge Park - Dinosaur National Monument,Maybell
-106.353,37.683,Del Norte City Park,Del Norte
-106.079,40.255,Denver Creek,Granby
-105.103,39.271,Devils Head,Sedalia
-106.325,39.092,Dexter,
-106.774,39.141,Difficult,Aspen
-106.587,38.905,Dinner Station,Almont
-108.689,38.684,Divide Fork,Grand Junction
-106.663,38.965,Dorchester,Almont
-105.557,40.791,Dowdy Lake,Red Feather Lakes
-107.187,38.481,Dry Gulch - Curecanti Area,Gunnison
-106.781,40.536,Dry Lake,Steamboat Springs
-107.896,40.435,Duffy Mountain - Yampa River State Park,Craig
-106.627,40.405,Dumont Lake,Steamboat Springs
-105.444,40.697,Dutch George,Fort Collins
-107.811,39.215,Early Settlers - Vega State Park,Collbran
-102.17,39.613,East Beach - Bonny Lake State Park,Idalia
-108.321,40.482,East Cross Mountain - Yampa River State Park,Maybell
-106.889,37.377,East Fork,Pagosa Springs
-107.426,40.011,East Marvine,Meeker
-107.65,38.525,East Portal - Curecanti National Rec Area,Gunnison
-105.593,39.658,Echo Lake - Idaho Springs,Idaho Springs
-108.983,40.525,Echo Park - Dinosaur National Monument,Maybell
-107.936,39.049,Eggleston,Cedaredge
-106.418,39.152,Elbert Creek,Leadville
-105.503,38.937,Eleven Mile State Park,Lake George
-106.368,37.126,Elk Creek,Antonito
-107.167,38.466,Elk Creek - Curecanti Area,Gunnison
-106.612,39.344,Elk Wallow,Basalt
-106.325,39.874,Elliott Creek,Silverthorne
-105.684,39.762,Empire City RV Parking,Emprire
-107.264,38.958,Erickson Springs,Paonia
-104.994,39.01,Farish Military - USAF Academy,Colorado Springs
-106.352,39.276,Father Dyer,Leadville
-108.647,37.618,Ferris Canyon,Cortez
-105.536,38.441,Five Points - Arkansas Headwaters State Rec Area,
-105.086,39.326,Flat Rocks,Sedalia
-105.233,40.372,Flatiron Reservoir,Loveland
-102.845,40.681,Fleming RV Park,Fleming
-107.682,37.452,Florida,Bayfield
-102.22,39.614,Foster Grove - Bonny Lake State Park,Idalia
-106.104,39.21,Fourmile,Fairplay
-107.421,40.762,Freeman Reservoir,Craig
-108.74,39.15,Fruita - Colorado River State Park,Fruita
-106.658,39.492,Fulford Cave,Eagle
-106.302,38.547,Garfield,Salida
-108.887,40.727,Gates of Lodore - Dinosaur National Monument,Maybell
-105.737,39.532,Geneva Park,Jefferson
-105.689,39.734,Georgetown Lake,Georgetown
-105.596,40.33,Glacier Basin - Rocky Mountain National Park,Estes Park
-106.574,38.655,Gold Creek,Gunnison
-106.436,39.404,Gold Park,Minturn
-105.359,39.171,Goose Creek,Woodland Park
-106.275,39.627,Gore Creek,Vail
-106.56,40.074,Gore Pass,Kremmling
-107.006,38.982,Gothic,Crested Butte
-107.54,37.391,Graham Creek,Bayfield
-105.772,40.503,Grand View,Fort Collins
-106.691,40.496,Granite,Steamboat Springs
-105.316,38.407,Grape Creek - Temple Canyon Park,Canon City
-105.356,39.326,Green Mountain,Deckers
-105.844,40.206,Green Ridge,Granby
-104.846,37.936,Greenhorn Meadows Park,Colorado City
-106.599,40.557,Grizzly Creek,Walden
-105.716,39.613,Guanella Pass,Georgetown
-106.952,39.651,Gypsum,Glenwood Springs
-106.997,40.84,Hahns Peak Lake,Steamboat Springs
-106.432,39.501,Halfmoon,Leadville
-106.396,39.161,Halfmoon East,Leadville
-106.397,39.158,Halfmoon West,Leadville
-105.805,39.483,Hall Valley,Webster
-105.802,39.482,Handcart,Jefferson
-106.737,37.813,Hansons Mill,Creede
-105.362,39.015,Happy Meadows,Woodland Park
-102.624,40.646,Harvester Park,Haxtun
-107.808,37.534,Haviland Lake,Durango
-105.823,38.33,Hayden Creek,Salida
-107.311,40.49,Headquarters  - Yampa River State Park,Hayden
-106.078,39.604,Heaton Bay,Frisco
-106.052,38.653,Hecla Junction - Arkansas Headwaters State Rec Area,Salida
-105.464,40.335,Hermit Park Open Space,Estes Park
-106.608,40.507,Hidden Lakes,Walden
-107.133,38.041,Hidden Valley,Lake City
-105.784,39.919,Hideaway Park,Winter Park
-108.836,39.27,Highline Lake State Park,Loma
-106.685,37.622,Highway Springs,South Fork
-107.272,40.028,Himes Peak,Buford
-106.834,40.749,Hinman Park,Steamboat Springs
-106.366,39.472,Hornsilver,Minturn
-106.096,39.9,Horseshoe,Parshall
-106.086,39.202,Horseshoe,Fairplay
-107.113,40.035,Horseshoe,
-108.535,37.516,House Creek,Dolores
-109.071,37.383,Hovenweep National Monument,Cortez
-103.471,39.134,Hugo City Park,Hugo
-105.778,39.904,Idlewild,Winter Park
-105.098,39.381,Indian Creek,Sedalia
-105.161,40.527,Inlet Bay - Horsetooth Reservoir,Fort Collins
-108.734,40.826,Irish Canyon,Maybell
-106.338,38.709,Iron City,Nathrop
-108.164,38.317,Iron Springs,Montrose
-108.301,39.168,Island Acres - James M. Robb - Colorado River State Park,Palisade
-108.011,39.032,Island Lake,Cedaredge
-107,37.681,Ivy Creek,Creede
-105.525,40.633,Jacks Gulch,Rustic
-105.089,39.251,Jackson Creek,Denver
-104.093,40.385,Jackson Lake State Park,Orchard
-105.853,39.433,Jefferson Creek,Jefferson
-108.094,39.053,Jumbo,Mesa
-107.917,37.337,Junction Creek,Durango
-104.755,38.277,Juniper Breaks - Lake Pueblo State Park,Pueblo
-107.953,40.47,Juniper Canyon - Yampa River State Park,Craig
-105.498,39.932,Kelly Dahl,Nederland
-105.483,40.681,Kelly Flats,Rustic
-105.265,39.306,Kelsey,Bailey
-105.761,39.414,Kenosha Pass,Jefferson
-107.948,39.038,Kiser Creek,Cedaredge
-106.128,39.329,Kite Lake,Alma
-108.077,37.376,Kroeger,Durango
-105.059,37.984,La Vista - Lake Isabel,Colorado City
-105.662,38.265,Lake Creek,Westcliffe
-106.477,37.309,Lake Fork,Antonito
-107.323,38.455,Lake Fork - Curecanti Area,Gunnison
-102.933,38.075,Lake Hasty - John Martin State Park,Hasty
-107.108,38.881,Lake Irwin,Crested Butte
-106.58,38.818,Lakeview - Almont,
-106.366,39.098,Lakeview - Twin Lakes,Leadville
-106.695,39.117,Lincoln Gulch,Aspen
-106.806,39.378,Little Mattie,Basalt
-106.813,39.375,Little Maud,Basalt
-106.662,38.761,Lodgepole - Almont,Almont
-105.843,39.423,Lodgepole - Jefferson,Jefferson
-105.235,39.252,Lone Rock,Woodland Park
-105.767,40.515,Long Draw,Gould
-105.559,40.275,Longs Peak - Rocky Mountain National Park,Estes Park
-107.208,38.87,Lost Lake,Paonia
-106.625,39.122,Lost Man,Aspen
-105.507,39.285,Lost Park,Jefferson
-107.349,37.768,Lost Trail,Creede
-106.627,38.776,Lottis Creek,Almont
-106.676,37.616,Lower Beaver Creek,South Fork
-105.431,40.691,Lower Narrows,Fort Collins
-107.343,37.242,Lower Piedra,Pagosa Springs
-106.031,39.623,Lowry,Dillon
-106.584,38.181,Luders Creek,Saguache
-106.699,40.078,Lynx Pass,Toponas
-108.27,37.4,Main - Mancos State Park,Dolores
-106.986,37.789,Marshall Park,Creede
-107.426,40.007,Marvine,Buford
-105.531,40.347,Marys Lake - USBR,Estes Park
-106.36,39.258,Matchless,Leadville
-107.881,37.845,Matterhorn,Telluride
-108.297,37.651,Mavreeso,Dolores
-108.033,40.501,Maybell Bridge - Yampa River State Park,Craig
-108.086,40.517,Maybell City Park,Maybell
-106.431,39.278,Mayqueen,Leadville
-107.872,38.059,McClure,
-107.313,39.124,McClure,Redstone
-106.238,39.851,Mcdonald Flats,Silverthorne
-108.553,37.497,Mcphee,Dolores
-107.543,39.817,Meadow Lake,Buford
-105.274,40.223,Meadow Park,Lyons
-104.986,38.978,Meadow Ridge,Woodland Park
-106.724,40.373,Meadows,Steamboat Springs
-107.91,40.036,Meeker City Park,Meeker
-105.534,40.242,Meeker Park Overflow,Estes Park
-105.535,39.51,Meridian,Bailey
-105.883,39.411,Michigan Creek,Jefferson
-107.536,37.409,Middle Mountain - Vallecito Reservoir,Bayfield
-106.425,38.623,Middle Quartz,Monarch
-107.39,37.906,Mill Creek - Lake City,
-107.661,37.405,Miller Creek,Bayfield
-108.872,38.981,Miracle Rock,Glade Park
-108.334,37.975,Miramonte Reservoir - SWA,
-106.432,38.747,Mirror Lake - Almont,Almont
-104.863,40.43,Missile Site Park,Greeley
-106.547,37.358,Mix Lake,Antonito
-105.792,39.776,Mizpah,Empire
-106.235,37.065,Mogote,Antonito
-107.683,37.749,Molas Lake Public Park,Silverton
-106.81,39.375,Mollie B,Basalt
-106.353,39.264,Molly Brown,Leadville
-105.344,39.194,Molly Gulch,Sedalia
-106.325,38.516,Monarch Park,Poncha Springs
-105.047,37.207,Monument Lake Park,Stonewall
-105.6,40.358,Moraine Park,Estes Park
-108.42,37.302,Morefield - Mesa Verde National Park,Mancos
-106.71,38.86,Mosca,Almont
-106.224,38.714,Mount Princeton,Nathrop
-105.467,40.682,Mountain Park,Rustic
-108.739,38.905,Mud Springs,Glade Park
-105.164,38.89,Mueller State Park,Divide
-105.431,40.691,Narrows,Rustic
-107.418,37.004,Navajo State Park,Arboles
-106.56,38.353,Needle Creek Reservoir,Gunnison
-106.758,38.73,North Bank,Almont
-107.539,37.394,North Canyon - Vallecito Reservoir,Bayfield
-107.139,37.836,North Clear Creek,Creede
-102.185,39.638,North Cove - Bonny Lake State Park,Idalia
-105.689,38.016,North Crestone Creek,Crestone
-107.434,40.059,North Fork,Buford
-105.71,40.814,North Fork Poudre,Livermore
-106.32,38.612,North Fork Reservoir,Salidas
-108.702,39.331,North Fruita Desert,De Beque
-105.997,40.553,North Michigan - State Forest State Park,Walden
-107.709,38.586,North Rim - Gunnison National Park,Montrose
-103.265,40.796,North Sterling State Park,Sterling
-104.78,38.275,Northern Plains - Lake Pueblo State Park,Pueblo
-105.269,38.296,Oak Creek,Canon City
-107.789,39.231,Oak Point - Vega State Park,Collbran
-106.143,38.428,Ohaver Lake,Poncha Springs
-107.56,37.377,Old Timers - Vallecito Reservoir,Bayfield
-105.523,40.208,Olive Ridge,Estes Park
-106.759,38.728,One Mile,Almont
-105.107,38.061,Ophir Creek,Colorado City
-105.177,39.349,Osprey,Woodland Park
-105.188,39.32,Ouzel,Woodland Park
-105.105,39.084,Painted Rocks,Woodland Park
-106.765,37.751,Palisade - South Fork,South Fork
-106.946,38.547,Palisades Senior RV Park,Gunnison
-107.348,38.987,Paonia State Park,Crawford
-106.729,37.592,Park Creek - South Fork,South Fork
-106.41,39.068,Parry Peak,
-105.569,40.079,Pawnee,Nederland
-105.506,40.131,Peaceful Valley,Nederland
-106.071,39.584,Peak One,Frisco
-106.892,40.789,Pearl Lake State Park,Clark
-106.282,37.843,Penitente Canyon,La Garita
-104.84,39.006,Peregrine Pines Military - USAF Academy,
-106.069,39.588,Pine Cove,Frisco
-107.535,37.4,Pine Point - Vallecito Reservoir,Bayfield
-107.505,37.447,Pine River,Durango
-106.008,40.492,Pines,Rustic
-105.283,40.364,Pinewood Reservoir,Loveland
-104.831,37.617,Pinon - Lathrop State Park,Walsenburg
-105.505,37.745,Pinyon Flats - Sand Dunes National Monument,Mosca
-107.813,39.212,Pioneer - Vega State Park,Collbran
-106.103,40.079,Pioneer Park,Hot Sulphur Sp
-103.246,40.626,Pioneer Park,Sterling
-106.5,38.61,Pitkin,Pitkin
-105.204,39.294,Platte River,Woodland Park
-102.959,38.085,Point - John Martin State Park,Mcclave
-107.303,38.521,Ponderosa - Curecanti Area,Sapinero
-106.612,39.076,Portal,Aspen
-106.427,37.908,Poso,Saguache
-106.232,39.843,Prairie Point,Dillon
-106.043,39.6,Prospector,Dillon
-106.492,39.996,Pumphouse,Kremmling
-105.11,37.253,Purgatoire,La Veta
-107.807,37.629,Purgatory,Durango
-106.469,38.638,Quartz,Pitkin
-109.021,39.172,Rabbit Valley,Grand Junction
-106.142,38.869,Railroad Bridge - Arkansas Headwaters State Rec Area,Buena Vista
-105.571,40.01,Rainbow Lakes,Nederland
-108.789,40.089,Rangely Camper Park,Rangely
-105.971,40.503,Ranger Lakes - State Forest State Park,Walden
-107.225,38.322,Red Bridge,Powderhorn
-107.23,38.479,Red Creek - Curecanti Area,Gunnison
-107.229,39.201,Redstone,Redstone
-105.45,39.878,Reverends Ridge - Golden Gate State Park,Golden
-107.736,38.214,Ridgway State Park,Ridgway
-107.699,39.676,Rifle Falls State Park,Rifle
-107.751,39.633,Rifle Gap State Park,Rifle
-107.687,39.731,Rifle Mountain County Park,Rifle
-105.877,38.473,Rincon - Arkansas Headwaters State Rec Area,Wellsville
-108.21,40.092,Rio Blanco Lake Area - SWA,Meeker
-107.012,37.763,Rio Grande,Creede
-107.177,37.891,Rito Hondo,Lake City
-107.23,37.73,River Hill,Creede
-106.569,38.858,Rivers End,Almont
-105.375,38.96,Riverside,Florissant
-103.8,40.267,Riverside RV Park,Fort Morgan
-107.193,37.755,Road Canyon,Creede
-105.756,39.834,Robbers Roost,Winter Park
-106.332,37.469,Rock Creek - Monte Vista,Monte Vista
-106.747,38.731,Rosy Lane,Almont
-105.433,39.03,Round Mountain,Florissant
-106.073,38.754,Ruby Mountain - Arkansas Headwaters State Rec Area,Buena Vista
-108.732,39.121,Saddlehorn - Colorado National Monument,Fruita
-105.735,37.668,San Luis State Park,Mosca
-107.331,40.758,Sawmill Creek,Craig
-106.057,40.228,Sawmill Gulch,Granby
-106.768,40.774,Seedhouse,Steamboat Springs
-105.951,39.372,Selkirk,Fairplay
-107.138,40.142,Sheriffs Reservoir,Yampa
-107.884,37.634,Sig Creek,Durango
-106.884,39.158,Silver Bar,Aspen
-106.895,39.143,Silver Bell,Aspen
-106.354,39.26,Silver Dollar,Leadville
-107.538,38.236,Silver Jack,Cimarron
-106.901,39.13,Silver Queen,Aspen
-107.156,37.828,Silver Thread,Creede
-105.774,40.683,Sleeping Elephant,Rustic
-107.225,37.985,Slumgullion,Lake City
-106.415,38.521,Snowblind,Sargents
-108.08,37.363,Snowslide,Durango
-107.316,38.547,Soap Creek,Sapeniro
-105.154,40.509,South Bay - Horsetooth Reservoir,Fort Collins
-107.554,40.495,South Beach - Yampa River State Park,Craig
-106.029,39.796,South Fork,Parshall
-107.534,39.867,South Fork,
-105.092,39.065,South Meadows,Woodland Park
-107.775,37.806,South Mineral,Silverton
-107.688,38.544,South Rim - Gunnison National Park,Montrose
-104.564,37.133,South Shore - Trinidad Lake State Park,Trinidad
-105.056,37.983,Southside - Lake Isabel,Pueblo
-106.439,37.168,Spectacle Lake,Antonito
-105.469,38.907,Spillway,Florissant
-106.767,38.75,Spring Creek,Almont
-105.022,38.998,Springdale,Woodland Park
-105.429,38.93,Springer Gulch,Florissant
-107.117,38.047,Spruce,Lake City
-105.462,39.138,Spruce Grove - Lake George,Florissant
-108.083,39.05,Spruce Grove - Mesa,Mesa
-105.066,37.981,St. Charles,
-105.861,39.923,St. Louis Creek,Fraser
-104.999,40.161,St. Vrain State Park,Firestone
-106.866,40.285,Stagecoach State Park,Oak Creek
-105.127,39.875,Standley Lake,Westminster
-106.964,40.814,Steamboat Lake State Park,Clark
-107.092,38.487,Stevens Creek - Curecanti Recreation Area,Gunnison
-105.887,40.18,Stillwater,Granby
-106.677,38.019,Stone Cellar,Saguache
-106.431,37.959,Storm King,Saguache
-105.396,40.684,Stove Prairie,Fort Collins
-106.574,37.378,Stunner,La Jara
-106.023,39.789,Sugar Loaf,Hot Sulphur Springs
-106.684,40.545,Summit Lake,Walden
-105.876,40.147,Sunset Point,Granby
-107.89,37.889,Sunshine,Telluride
-107.32,39.759,Supply Basin,Dotsero
-107.161,39.797,Sweetwater Lake,Dotsero
-109.039,40.836,Swinging Bridge - Browns Wildlife Area,
-106.734,39.48,Sylvan Lake State Park,Gypsum
-106.356,39.275,Tabor,Leadville
-108.187,37.341,Target Tree,Mancos
-106.766,38.727,Taylor Canyon,Gunnison
-107.229,37.51,Teal,Pagosa Springs
-106.605,40.585,Teal Lake,Walden
-107.806,37.935,Telluride Town Park,Telluride
-105.89,40.502,The Crags - State Forest State Park,Walden
-107.259,38.248,The Gate,Powderhorn
-107.258,37.724,Thirtymile,Creede
-107.694,38.002,Thistledown,Ridgway
-107.694,39.764,Three Forks,New Castle
-104.983,38.977,Thunder Ridge,Woodland Park
-106.422,39.523,Tigiwon,Vail
-105.852,40.379,Timber Creek - Rocky Mountain National Park,Grand Lake
-105.583,40.575,Tom Bennett,Rustic
-105.179,39.119,Trail Creek,Woodland Park
-108.209,37.468,Transfer,Mancos
-107.681,37.462,Transfer Park,Bayfield
-107.24,39.993,Trappers Lake,Buford
-107.096,40.241,Trout Creek,Yampa
-106.449,37.047,Trujillo Meadows,
-106.761,37.494,Tucker Ponds,South Fork
-105.858,40.674,Tunnel,Rustic
-104.882,38.609,Turkey Creek Military - Fort Carson,Colorado Springs
-105.478,39.153,Twin Eagles,Lake George
-107.842,39.065,Twin Lake,Cedaredge
-106.421,39.067,Twin Peaks,
-105.047,40.174,Union Reservoir,Longmont
-106.677,37.606,Upper Beaver Creek,South Fork
-107.071,39.663,Upper Colorado Rec Area,Gypsum
-105.431,40.691,Upper Narrows,Fort Collins
-107.273,37.215,Ute,Pagosa Springs
-107.547,37.478,Vallecito,Vallecito
-107.261,40.134,Vaughn Lake,Yampa
-102.185,39.608,Wagon Wheel - Bonny Lake State Park,Idalia
-106.685,40.381,Walton Creek,
-107.979,39.04,Ward Lake,Cedaredge
-107.831,39.066,Weir and Johnson,Collbran
-106.72,39.121,Weller,Aspen
-108.265,37.409,West - Mancos State Park,Dolores
-105.657,39.679,West Chicago Creek,Idaho Springs
-108.276,37.66,West Dolores,Dolores
-106.903,37.445,West Fork,Pagosa Springs
-105.568,40.79,West Lake,Red Feather Lakes
-106.136,39.078,Weston Pass,Fairplay
-107.3,39.747,White Owl,Dotsero
-106.367,39.09,White Star,
-105.694,39.482,Whiteside,Grant
-105.266,39.242,Wigwam,Sedalia
-105.253,39.055,Wildhorn,Divide
-107.336,37.922,Williams Creek,Pagosa Springs
-107.224,37.495,Williams Creek - Pagosa Springs,Pagosa Springs
-106.217,40.009,Williams Fork Reservoir - SWA,Parshall
-105.951,40.144,Willow Creek,Granby
-106.309,39.889,Willows,Silverthorne
-106.676,39.7,Wolcott,Dotsero
-106.887,37.441,Wolf Creek,Pagosa Springs
-108.055,37.885,Woods Lake,Placerville
-107.287,37.973,Wupperman,Lake City
-104.94,38.737,Wye,Colorado Springs
-106.678,39.502,Yeoman Park,Eagle
-104.833,37.601,Yucca - Lathrop State Park,Walsenburg
-159.305,22.147,Anahola Beach Park   -  Kauai,Anahola
-159.458,22.225,Anini Beach Park  - Kauai,Kilauea
-157.707,21.351,Bellows Field Beach Park  - Oahu,Waimanalo
-156.622,20.811,Camp Olowalu  - Maui,Lahaina
-159.566,22.22,Haena Beach Park  - Kauai,Kilauea
-159.342,21.994,Hanamaulu Beach Park  - Kauai,Lihue
-156.229,20.753,Holua Dispersed - Haleakala National Park - Maui,Kula
-155.898,19.38,Hookena Beach Park  - Hawaii,Captain Cook
-156.238,20.768,Hosmer Grove  - Haleakala National Park - Maui,Kula
-154.842,19.458,Isaac Hale Beach Park  - Hawaii,
-157.884,21.544,Kahana Valley State Park - Oahu,Hauula
-155.433,20.043,Kalopa State Rec Area - Hawaii,Honokaa
-156.438,20.9,Kanaha Beach Park - Maui,Kahului Airport
-157.902,21.397,Keaiwa Heiau State Rec Area - Oahu,Aiea
-159.562,22.113,Koaie Primitive - Kokee State Park - Kauai,Kilauea
-159.662,22.116,Kokee Campground  - Kokee State Park - Kauai,Waimea
-155.12,19.882,Kolekole Beach Park  - Hawaii,Honomu
-155.241,19.992,Laupahoehoe Beach Park  - Hawaii,
-159.666,21.953,Lucy Wright Beach Park  - Kauai,Waimea
-154.864,19.44,MacKenzie State Rec Area - Hawaii,
-155.9,20.183,Mahukona Beach Park  - Hawaii,
-157.929,21.66,Malaekahana  State Rec Area - Oahu,Kailua
-155.829,19.113,Manuka State Wayside - Hawaii,Captain Cook
-155.296,19.425,Namakani Paio - Hawaii Volcanoes National Park,Volcano
-159.364,21.954,Niumalu Park - Kauai,Lihue
-155.037,19.736,Onekahakaha - Hawaii,Hilo
-157.012,21.173,Palaau State Park - Molokai,Hoolehua
-159.753,22.089,Polihale State Park - Kauai,
-156.329,20.678,Polipoli Spring State Rec Area - Maui,Kula
-155.505,19.135,Punaluu Beach Park  - Hawaii,Mountain View
-159.608,21.9,Salt Pond Beach  - Kauai,Eleele
-157.875,21.302,Sand Island State Rec Area - Oahu,Honolulu
-155.822,20.023,Spencer Beach Park  - Hawaii,
-159.622,22.13,Sugi Grove Primitive - Kokee State Park,Hanapepe
-156.002,20.787,Waianapanapa State Park - Maui,H?na
-155.549,19.088,Whittington Beach Park  - Hawaii,Naalehu
-108.442,33.418,Aeroplane Mesa,Reserve
-105.529,36.135,Agua Piedra,Penasco
-106.56,32.372,Aguirre Springs,Las Cruces
-105.812,32.873,Alamo Peak Road,Cloudcroft
-107.872,36.56,Angel Peak,
-105.483,36.107,Angostura,Dixon
-105.729,32.967,Apache,Cloudcroft
-108.623,33.832,Apache Creek,Reserve
-108.566,34.091,Armijo Springs,Quemado
-105.805,35.794,Aspen Basin,Santa Fe
-111.731,39.788,Bear Canyon,
-108.593,33.397,Ben Lilly,Reserve
-105.681,36.676,Big Arsenic Springs - Wild Rivers Rec Area,Questa
-108.887,33.324,Big Horn,Glenwood
-105.809,35.769,Big Tesuque,Santa Fe
-105.837,35.726,Black Canyon,Santa Fe
-108.033,33.185,Black Canyon Upper,Mimbres
-108.107,35.302,Bluewater Lake State Park,Prewitt
-105.773,35.979,Borrego Mesa,Espanola
-106.404,34.763,Bosque,Estancia
-104.338,33.344,Bottomless Lakes State Park,Roswell
-104.381,32.564,Brantley Lake State Park,Carlsbad
-107.217,36.881,Buzzard Park,Gobernador
-107.312,32.907,Caballo Lake State Park,Caballo
-105.498,36.748,Cabresto Lake,Questa
-106.709,35.93,Calaveras,Jemez Springs
-108.93,35.98,Camp Asaayi,Navajo
-106.344,36.549,Canjilon Lakes,Cebolla
-106.402,34.698,Capilla,Manzano
-105.48,36.37,Capulin,Taos
-105.689,36.64,Cebolla Mesa,Questa
-103.337,32.939,Chaparral City Park,Lovington
-108.225,32.915,Cherry Creek,Silver City
-104.156,36.035,Chicosa Lake State Park,Roy
-105.205,36.77,Cimarron,Costilla
-105.134,36.546,Cimarron Canyon State Park,Eagle Nest
-107.976,32.59,City of Rocks State Park,Deming
-103.301,36.573,Clayton Lake State Park,Clayton
-106.828,35.997,Clear Creek,Cuba
-107.701,35.233,Coalmine Canyon,Grants
-106.333,35.642,Cochiti - Cochiti Lake,Albuquerque
-105.514,36.68,Columbine,Questa
-105.59,36.161,Comales,Penasco
-106.558,35.329,Coronado,Bernalillo
-108.893,33.619,Cottonwood,Glenwood
-107.677,36.811,Cottonwood - Navajo Lake State Park,Bloomfield
-108.491,34.137,Cove - Quemado Lake,Quemado
-105.64,35.671,Cow Creek,Pecos
-105.664,35.813,Cowles,Pecos
-105.233,36.188,Coyote Creek State Park,Guadalupita
-105.533,36.56,Cuchillo,Taos
-104.346,32.294,Dark Canyon Dispersed,Carlsbad
-107.858,34.155,Datil Well,Datil
-105.743,32.944,Deerhead,Cloudcroft
-108.498,33.422,Dipping Vat,Reserve
-108.241,36.707,Dunes OHV Vehicle RA,Farmington
-105.477,36.135,Duran,Penasco
-105.753,33.389,Eagle Creek Lakes,Tularosa
-106.526,36.36,Echo Amphitheater,Abiquiu
-105.673,36.666,El Aguaje - Wild Rivers Rec Area,Questa
-108.471,34.138,El Caso - Quemado Lake,Quemado
-108.336,35.037,El Morro National Monument,Ramah
-105.412,35.71,El Porvenir,Las Vegas
-106.254,36.402,El Rito,El Rito
-106.738,36.614,El Vado Lake State Park,Tierra Amarill
-107.209,33.181,Elephant Butte Lake State Park,Truth Or Consequences
-105.449,36.708,Elephant Rock,Red River
-106.89,34.124,Escondida Lake Park,Socorro
-105.421,35.698,EV Long,Las Vegas
-105.458,36.706,Fawn Lakes,Red River
-106.728,35.884,Fenton Lake State Park,Jemez Springs
-105.695,35.688,Field Tract,Pecos
-108.207,33.184,Forks,Mimbres
-106.382,34.793,Fourth Of July,Tajique
-107.844,32.887,Gallinas - Lower,Mimbres
-107.823,32.9,Gallinas - Upper,Mimbres
-107.86,36.051,Gallo - Chaco Culture National Park,Kimbeto
-105.799,35.652,Glorieta,Gloriete
-105.541,36.689,Goat Hill,Questa
-108.206,33.179,Grapevine,Mimbres
-103.969,32.57,Hackberry Lake OHV,Carlsbad
-103.208,32.77,Harry McAdams Park,Hobbs
-104.183,33.674,Haystack Mt OHV Area,Roswell
-108.991,33.818,Head Of Ditch,Alpine  AZ
-106.657,36.694,Heron Lake State Park,Los Ojos
-107.57,32.921,Hillsboro City RV Park,Hillsboro
-105.639,36.114,Hodges,Vadito
-106.073,32.831,Holloman AFB Military,Alamogordo
-105.701,35.773,Holy Ghost,Santa Fe
-106.922,35.721,Holy Ghost,
-105.625,32.762,Hoosier Canyon,Mayhill
-106.237,36.704,Hopewell Lake,Tres Piedras
-105.836,35.734,Hyde Memorial State Park,Santa Fe
-107.183,35.567,Ignacio Chavez SMA Dispersed,San Ysidro
-107.804,32.909,Iron Creek,Mimbres
-105.62,35.84,Iron Gate,Pecos
-106.676,34.942,Isleta Lake RV,Albequerque
-105.496,36.586,Italianos,Taos
-105.655,35.839,Jacks Creek,Pecos
-108.134,34.299,Jackson Park - Pie Town,Pie Town
-103.19,32.099,Jal City Park,Jal
-105.504,32.905,James Canyon,Tularosa
-106.608,35.825,Jemez Falls,Jemez Springs
-107.821,34.944,Joe Skeen Campground - El Malpais NCA,Grants
-106.468,34.671,John F Kennedy,Belen
-105.436,36.708,Junebug,Red River
-106.279,35.796,Juniper - Bandelier National Monument,White Rock
-108.486,34.136,Juniper - Quemado Lake,Quemado
-107.701,32.918,Kingston,Hillsboro
-106.54,35.055,Kirtland AFB Military,Albuquerque
-105.685,36.657,La Junta - Wild Rivers Rec Area,Questa
-105.476,36.368,La Sombra,Taos
-106.109,36.884,Laguna Larga,Tres Piedras
-106.525,35.815,Las Conchas,Jemez Springs
-105.521,36.382,Las Petacas,Taos
-106.915,32.489,Leasburg Dam State Park,Las Cruces
-105.68,36.666,Little Arsenic Springs,Questa
-107.72,35.202,Lobo Canyon,Grants
-106.176,36.957,Los Pinos,Tres Piedras
-105.548,36.549,Lower Hondo,Taos
-105.813,32.899,Lower Karr Canyon,Cloudcroft
-106.323,36.885,Lower Lagunitas,Tierra Amarilla
-106.361,34.603,Manzano Mountains State Park,Mountainair
-105.118,36.778,McCrystal,Costilla
-108.523,35.371,McGaffey,Gallup
-108.214,32.925,McMillan,Silver City
-108.159,33.034,Mesa,Mimbres
-103.87,33.408,Mescalero Sands North Dunes OHV Area,Roswell
-104.377,36.048,Mills Canyon,Mills
-103.446,35.339,Mine Canyon - Ute Lake State Park,Logan
-105.73,33.432,Monjeau,Tularosa
-105.68,36.668,Montoso - Wild Rivers Rec Area,Questa
-105.398,35.942,Morphy Lake State Park,Mora
-106.409,34.671,New Canyon,Tajique
-108.827,32.632,Nichols Canyon  - Gila Lower Box Canyon,Redrock
-103.453,35.356,North  - Ute Lake State Park,Logan
-104.186,35.426,North Area - Conchas Lake State Park,Conchas Dam
-105.913,35.98,North Lake - Santa Cruz Lake,Chimayo
-105.747,33.396,Oak Grove,Ruidoso
-103.349,34.256,Oasis State Park,Portales
-106.838,35.506,Ojito Wilderness,San Ysidro
-108.109,35.159,Ojo Redondo,Thoreau
-105.915,32.745,Oliver Lee State Park,Alamogordo
-105.779,36.293,Orilla Verde Rec Area,Pilar
-105.918,35.964,Overlook - Santa Cruz Lake,Santa Fe
-106.626,35.704,Paliza,San Ysidra
-107.641,31.825,Pancho Villa State Park,Columbus
-105.664,35.83,Panchuela,Pecos
-104.407,32.11,Parks Ranch,Whites City
-107.306,32.869,Percha Dam State Park,Caballo
-107.62,36.822,Pine River - Navajo Lake State Park,Navajo Dam
-105.737,32.968,Pines,Cloudcroft
-108.482,34.139,Pinon - Quemado Lake,Quemado
-105.639,32.813,Prestridge Hill / Hay Canyon,Sacramento
-108.961,33.593,Pueblo Park,Reserve
-108.54,35.406,Quaking Aspen,Wingate
-107.817,32.909,Railroad Canyon,Mimbres
-103.313,33.259,Rampy Park,Tatum
-106.411,34.622,Red Canyon,Tajique
-105.756,34.21,Red Cloud,Corona
-108.606,35.538,Red Rock Park,Gallup
-106.624,35.86,Redondo,Jemez Springs
-106.427,36.247,Riana - Abiquiu Reservoir,Abiquiu
-106.673,36.355,Rio Chama,Abiquiu
-106.806,35.997,Rio De Las Vacas,Cuba
-106.723,36.101,Rio Puerco,Coyote
-107.613,32.186,Rockhound State Park,Deming
-103.489,35.367,Rogers - Logan - Windy - Ute Lake State Park,Logan
-105.726,32.971,Saddle,Cloudcroft
-106.646,35.887,San Antonio-Jemez Springs,Jemez Springs
-105.61,36.089,Santa Barbara,Penasco
-104.668,35.03,Santa Rosa Lake State Park,Santa Rosa
-108.258,33.23,Scorpion - Gila Cliff Dwelllings,Mimbres
-106.741,34.652,Senator Willie Chavez Park,Belen
-106.685,35.934,Seven Springs,Seven Springs
-105.725,32.973,Silver,Cloudcroft
-105.723,32.976,Silver Overflow,Cloudcroft
-107.587,36.83,Sims Mesa - Navajo Lake State Park,Blanco
-105.733,33.42,Skyline,Ruidoso
-105.725,32.944,Sleepy Grass,Cloudcroft
-104.191,35.377,South Area - Conchas Lake State Park,Conchas Dam
-105.753,33.449,South Fork,
-108.587,33.53,South Fork Negrito,Reserve
-103.446,35.339,Southside - Ute Lake State Park,Logan
-107.404,33.575,Springtime,Monticello
-106.88,36.729,Stone Lake,Dulce
-105.232,35.658,Storrie Lake State Park,Las Vegas
-104.379,36.938,Sugarite Canyon State Park,Raton
-104.401,34.611,Sumner Lake State Park,Fort Sumner
-105.741,36.334,Taos Junction,Carson
-105.675,35.742,Tererro - State Fish and Game,Santa Fe
-106.305,35.647,Tetilla Peak - Cochiti Lake,Albuquerque
-104.01,32.065,The Pecos River Corridor - Dispersed,Loving
-105.884,33.401,Three Rivers,Tularosa
-106.014,33.343,Three Rivers Petroglyph National Rec Site,Tularosa
-106.382,36.609,Trout Lakes,Canjilon
-105.451,36.596,Twining,Taos
-108.154,33.027,Upper End,Mimbres
-105.731,32.97,Upper Fir,Cloudcroft
-105.781,32.881,Upper Karr Canyon,Cloudcroft
-105.456,36.148,Upper La Junta,Penasco
-106.321,36.886,Upper Lagunitas,
-105.92,33.685,Valley of Fires,Carrizozo
-105.355,35.266,Villanueva State Park,Villanueva
-106.721,35.717,Vista Linda - Jemez Springs,San Ysidro
-106.491,32.377,Volunteer Park Travel Military,White Sands
-108.082,33.35,Wall Lake,Silver City
-107.131,34.024,Water Canyon,Magdalena
-105.745,33.456,Westlake,Nogal
-108.579,33.401,Willow Creek,Reserve
-108.198,33.423,Wolf Hollow,
-107.781,32.913,Wrights Cabin,Mimbres
-114.822,36.133,8 Mile Rd Boondocking - Lake Mead National Rec Area,Henderson
-115.051,41.029,Angel Creek,Wells
-115.086,41.026,Angel Lake,Wells
-114.24,38.987,Baker Creek - Great Basin National Park,Baker
-116.639,38.655,Barley Creek,Round Mountain
-114.081,37.514,Beaver Dam State Park,Caliente
-117.595,38.869,Berlin - Ichthyosaur State Park,Gabbs
-114.643,39.349,Berry Creek,Ely
-115.7,41.766,Big Bend,Mountain City
-114.64,35.116,Big Bend of the Colorado Rec Area,Laughlin
-117.137,39.346,Big Creek,Austin
-114.653,39.463,Bird Creek Recreation Area,McGill
-116.997,39.458,Bob Scott,Austin
-114.799,36.035,Boulder Beach RV - Lake Mead National Rec Area,Boulder City
-114.783,36.121,Boxcar Canyon Boondocking - Lake Mead National Rec Area,Henderson
-114.728,36.138,Callville Bay - Lake Mead National Rec Area,Callville Bay
-114.415,37.821,Cathedral Gorge State Park,Panaca
-114.694,39.191,Cave Lake State Park,Ely
-115.624,38.155,Cherry Creek,
-114.558,39.219,Cleve Creek,
-117.376,38.9,Columbine,Austin
-114.688,35.491,Cottonwood Cove  - Lake Mead National Rec Area,Cottonwood Cove
-114.798,36.127,Crawdad Cove Boondocking - Lake Mead National Rec Area,Henderson
-119.833,39.305,Davis Creek,Carson City
-119.587,39.252,Dayton State Park,Dayton
-119.34,38.621,Desert Creek,Gardnerville
-115.053,36.249,Desert Eagle RV Military - Nellis AFB,Nellis Afb
-115.682,36.308,Dolomite,Indian Springs
-114.639,39.497,East Creek,McGill
-114.437,36.309,Echo Bay - Lake Mead National Rec Area,Overton
-114.269,37.913,Echo Canyon Reservoir State Park,Pioche
-118.721,39.427,Fallon RV Military,Fallon
-115.618,36.263,Fletcher View,Las Vegas
-119.272,39.292,Fort Churchill State Park,Silver Springs
-115.051,38.328,Gap Mountain,
-114.837,36.131,Government Wash Boondocking - Lake Mead National Rec Area,Henderson
-116.751,39.45,Hickison Petroglyth,Austin
-115.607,36.311,Hilltop,Las Vegas
-115.388,39.335,Illipah Reservoir,Ely
-119.784,38.746,Indian Creek,Woodfords
-116.063,41.514,Jack Creek,Mountain City
-115.429,41.863,Jarbidge,Jarbidge
-114.587,39.567,Kalamazoo,Ely
-114.524,37.589,Kershaw - Ryan State Park,Caliente
-117.141,39.225,Kingston,Austin
-115.607,36.263,Kyle Canyon,Las Vegas
-119.201,39.378,Lahontan Reservoir State Rec Area 1,Fallon
-119.061,39.464,Lahontan Reservoir State Rec Area 2,Fallon
-114.872,36.128,Las Vegas Bay  - Lake Mead National Rec Area,Henderson
-114.238,39.017,Lower Lehman  - Great Basin National Park,Baker
-117.561,41.686,Lye Creek,Winnemucca
-115.683,36.309,McWilliams,Indian Springs
-114.207,38.008,Meadow Valley,Pioche
-116.995,40.356,Mill Creek,Battle Mountai
-119.892,39.313,Mount Rose,Reno
-119.953,38.981,Nevada Beach,Stateline
-115.679,36.32,Old Mill,Las Vegas
-118.745,41.69,Onion Valley Reservoir  - Pine Forest RMA,
-115.121,37.3,Pahranegat NWR,Alamo
-117.303,38.616,Peavine,
-115.426,41.836,Pine Creek,Jarbridge
-116.85,38.795,Pine Creek,
-114.451,37.937,Pioche City Park,Pioche
-115.384,36.13,Red Rock Canyon,Las Vegas
-115.476,40.254,Ruby Lake,Ruby Valley
-118.311,40.469,Rye Patch State Park,Lovelock
-117.275,39.12,San Juan Creek,Austin
-118.405,39.295,Sand Mountain,Fallon
-115.43,41.885,Sawmill,Jarbidge
-119.189,39.377,Silver Springs Beach - Lahotan State Park,Fallon
-115.741,40.664,South Fork Reservoir,Elko
-115.496,40.176,South Ruby,Elko
-114.575,35.195,Sportsman Paradise,Laughlin
-118.769,38.692,Sportsmans Beach,Hawthorne
-114.203,38.024,Spring Valley State Park,Pioche
-115.149,41.482,Tabor Creek,Wells
-118.763,38.747,Tamarack,Hawthorne
-115.405,40.65,Thomas Canyon,Spring Creek
-114.632,39.401,Timber Creek,Ely
-119.522,38.696,Topaz Lake,
-116.791,39.184,Toquima Caves,Austin
-114.254,39.013,Upper Lehman  - Great Basin National Park,Baker
-114.518,36.43,Valley of Fire State Park,Overton
-119.005,41.855,Virgin Valley Camp,
-118.77,38.691,Walker Lake,Hawthorne
-114.849,39.038,Ward Charcoal Ovens State Park,Ely
-114.968,39.212,Ward Mountain,Ely
-119.763,39.241,Washoe Lake State Rec Area,Carson City
-117.675,40.93,Water Canyon,Winnemucca
-114.303,39.011,Wheeler Peak - Great Basin National Park,Baker
-115.341,38.944,White River,Ely
-115.893,41.724,Wild Horse Crossing,Mountain City
-115.801,41.669,Wild Horse Rec Area 1,Mountain City
-115.808,41.68,Wild Horse Rec Area 2,
-115.82,41.691,Wild Horse Rec Area 3,
-115.81,41.686,Wild Horse Rec Area 4,Mountain City
-119.221,38.809,Wilson Canyon,Yerington
-115.656,40.46,Zunino/Jiggs Reservoir,Elko
-112.364,38.754,Adelaide,Fillmore
-111.612,40.577,Albion Basin,Salt Lake City
-111.787,41.25,Anderson Cove,Ogden
-112.432,38.211,Anderson Meadow,Beaver
-109.551,40.965,Antelope Flat - Flaming Gorge,Dutch John
-112.25,41.058,Antelope Island State Park,
-110.847,40.497,Aspen,Hanna
-111.037,40.12,Aspen Grove,Hanna
-110.776,39.885,Avintaquin,Duchesne
-113.642,37.377,Baker Dam,Veyo
-111.402,40.198,Balsam,Springville
-111.829,37.92,Barker Reservoir Area,Escalante
-111.731,39.788,Bear Canyon,Payson
-111.099,39.393,Bear Creek,Huntington Cit
-110.83,40.91,Bear River,Evanston
-111.143,40.621,Beaver Creek,Kamas
-110.862,40.823,Beaver View,Evanston
-109.48,38.649,Big Bend,Moab
-112.255,39.354,Big Springs,Oak City
-111.317,41.506,Birch Creek,Woodruff
-111.628,39.894,Blackhawk,Payson
-111.651,37.974,Blue Spruce,Escalante
-111.657,41.277,Botts,Ogden
-111.804,40.98,Bountiful Peak,Farmington
-111.71,38.561,Bowery Creek,Loa
-111.952,41.494,Box Elder,Brigham City
-112.579,40.494,Boy Scout,Salt Lake City
-109.183,40.898,Bridge Hollow,Vernal
-111.735,41.748,Bridger,Logan
-110.387,40.966,Bridger Lake,Mountain View
-109.813,40.86,Browne Lake,Flaming Gorge
-109.449,37.881,Buckboard,
-112.001,37.067,Buckskin Gulch - House Rock Valley,Page
-110.721,37.52,Bullfrog  - Glen Canyon National Rec Area,Lake Powell
-110.868,40.721,Butterfly Lake,Kamas
-111.414,37.793,Calf Creek,Escalante
-109.547,40.884,Canyon Rim - Flaming Gorge,Dutch John
-111.601,40.082,Canyon View RV Park,Spanish Fork
-109.735,40.932,Carmel,Manila
-112.355,38.554,Castle Rock,Joseph
-111.368,38.476,Cathedral Valley - Capitol Reef National Park,Torrey
-112.905,37.591,Cedar Canyon,Cedar City
-111.085,38.007,Cedar Mesa - Capitol Reef National Park,Torrey
-109.45,40.909,Cedar Springs - Flaming Gorge,Dutch John
-111.478,40.169,Cherry,Springville
-111.774,39.53,Chicken Creek,Levan
-110.403,40.931,China Meadows,Mountain View
-110.801,40.824,Christmas Meadows,Evanston
-112.311,38.269,City Creek,Beaver
-113.322,41.954,Clear Creek,Malta
-112.55,40.346,Clover Springs,Dugway
-110.9,38.378,Coal Mine Wash,Hanksville
-110.975,40.595,Cobblerest,Kamas
-109.654,37.509,Comb Washr - Dispersed,Blanding
-112.734,37.035,Coral Pink Sand Dunes State Park,Kanab
-111.723,39.781,Cottonwood,Nephi
-109.794,38.562,Cowboy Camp,Moab
-111.07,40.328,Currant Creek,Heber City
-109.433,37.874,Dalton Springs,Monticello
-109.74,38.486,Dead Horse Point State Park,Moab
-109.73,40.855,Deep Creek,Manila
-111.508,40.411,Deer Creek State Park,Wallsburg
-111.354,37.856,Deer Creek- Burr Trail Rd - Grand Staircase Nat Mon,Boulder
-109.444,40.906,Deer Run - Flaming Gorge,Dutch John
-112.383,40.574,Deseret Peak Complex,Tooele
-109.406,37.739,Devils Canyon,Blanding
-109.586,38.774,Devils Garden - Arches National Park,Moab
-109.308,38.811,Dewey Bridge,Moab
-111.423,40.074,Diamond,Thistle
-110.401,37.889,Dirty Devil - Glen Canyon National Rec Area,
-111.746,38.528,Doctor Creek,Loa
-109.485,38.633,Drinks Canyon,Moab
-109.356,40.922,Dripping Springs - Flaming Gorge,Dutch John
-112.698,37.521,Duck Creek,Cedar City
-111.375,37.851,Durffey Mesa - Burr Trail Rd - Grand Staircase Nat Mon,Boulder
-111.587,40.925,East Canyon State Park,Morgan
-110.772,40.864,East Fork Bear River,Evanston
-109.554,40.781,East Park,Vernal
-109.598,38.469,Echo,Moab
-111.456,38.464,Elkhorn,Loa
-113.482,37.38,Equestrian,Pine Valley
-111.633,37.789,Escalante State Park,Escalante
-110.396,37.82,Farley Canyon - Glen Canyon National Rec Area,
-111.455,39.143,Ferron Reservoir,Ferron
-109.455,40.894,Firefighters Memorial - Flaming Gorge,Dutch John
-111.203,39.774,Fish Creek,Scofield
-109.309,38.725,Fisher Towers,Moab
-112.012,38.18,Fishermans Bench  - Otter Creek Reservoir,Antimony
-112.18,40.234,Fivemile Pass OHV,Cedar Valley
-111.26,39.646,Flat Canyon,Fairview
-111.159,39.501,Forks of Huntington,Huntington
-111.989,41.216,Fort Buenaventura - Weber County Park,Ogden
-112.32,38.579,Fremont Indian State Park,Sevier
-111.665,41.661,Friendship,Logan
-111.249,38.283,Fruita - Capitol Reef National Park,Torrey
-111.68,38.609,Frying Pan,Loa
-110.708,38.556,Goblin Valley State Park,Green River
-109.557,38.612,Goose Island,Moab
-111.685,38.803,Gooseberry,Salina
-111.297,39.687,Gooseberry,Fairview
-111.294,39.712,Gooseberry Reservoir,Fairview
-109.927,37.175,Goosenecks State Park,Blanding
-111.655,40.49,Granite Flat,
-109.535,38.61,Granstaff,Moab
-112.512,40.545,Grantsville Reservoir,Grantsville
-109.243,40.421,Green River - Dinosaur National Monument,
-110.155,38.99,Green River State Park,Green River
-109.462,40.883,Greendale - Flaming Gorge,Dutch John
-109.537,40.873,Greens Lake - Flaming Gorge,Dutch John
-111.701,41.762,Guinavah - Malibu,Logan
-113.784,37.254,Gunlock State Park,St. George
-110.874,40.534,Hades,Hanna
-111.421,40.62,Hailstone - Jordanelle State Park,Heber City
-109.48,38.639,Hal Canyon,Moab
-110.717,37.457,Halls Crossing - Glen Canyon National Rec Area,Halls Crossing
-109.671,38.198,Hamburger Rock,Moab
-111.422,37.605,Harris Wash - Grand Staircase Nat Mon,Henrieville
-109.616,38.382,Hatch Point,Moab
-110.854,40.83,Hayden Fork,Evanston
-111.916,37.598,Henrieville Creek - Grand Staircase Nat Mon,Henrieville
-111.735,41.976,High Creek,Logan
-111.976,41.105,Hill AFB Military,Layton
-110.381,37.876,Hite - Glen Canyon National Rec Area,
-109.335,38.755,Hittle Bottom,Moab
-111.661,41.274,Hobble,Huntsville
-111.527,37.723,Hole in the Rock - Grand Staircase Nat Mon,Henrieville
-113.856,37.517,Honeycomb Rock,Enterprise
-110.126,40.925,Hoop Lake,Mountain View
-111.616,40.302,Hope,Orem
-111.204,37.922,Horse Canyon - Grand Staircase Nat Mon,Escalante
-109.806,38.586,Horsethief,Moab
-109.597,38.51,Hunters Canyon,Moab
-110.942,39.346,Huntington State Park,Huntington
-111.867,41.628,Hyrum State Park,Hyrum
-109.183,40.898,Indian Crossing,Vernal
-112.571,40.498,Intake,Salt Lake City
-110.887,40.554,Iron Mine,Hanna
-109.589,38.558,Jaycee Park,Moab
-111.767,41.25,Jefferson Hunt,Huntsville
-112.368,39.687,Jericho - Little Sahara Rec Area,Nephi
-112.317,39.745,Jericho Wash,
-111.291,39.295,Joes Valley - Seely,Orangeville
-109.426,38.481,Kens Lake,Moab
-112.46,38.237,Kents Lake,Beaver
-112.257,37.609,King Creek,Panguitch
-109.585,38.557,Kings Bottom,Moab
-112.092,37.14,Kitchen Corral Wash - Grand Staircase Nat Mon,Kanab
-113.285,40.71,Knolls Rec Area Dispersed,Wendover
-111.989,37.519,Kodachrome Basin State Park,Cannonville
-111.847,38.6,Koosharem Reservoir Dispersed,Koosharem
-111.253,39.575,Lake Canyon Rec Area,Fairview
-111.498,39.328,Lake Hill,Ephraim
-113.029,37.384,Lava Point - Zion National Park,Springdale
-112.393,38.227,Lebaron Rec Site,Beaver
-111.098,40.742,Ledgefork,Oakley
-111.572,41.885,Lewis M. Turner,Garden City
-110.939,40.681,Lilly Lake,Kamas
-113.014,38.401,Lions Club Rv Park - Milford,Milford
-112.54,38.255,Little Cottonwood,Beaver
-111.232,41.678,Little Creek,Randolph
-110.614,40.935,Little Lyman Lake,Mountain View
-111.672,40.449,Little Mill,
-112.49,38.261,Little Reservoir,Beaver
-111.443,37.725,Little Spencer Flat - Grand Staircase Nat Mon,Escalante
-111.621,41.779,Lodge,Logan
-111.261,40.31,Lodgepole,Heber City
-109.466,40.812,Lodgepole,Dutch John
-110.78,38.099,Lonesome Beaver,Hanksville
-112.605,40.484,Loop,Salt Lake City
-110.932,40.681,Lost Creek,Kamas
-111.275,38.108,Lower Bowns,Torrey
-111.643,41.287,Lower Meadows,Ogden
-112.592,40.492,Lower Narrows,Dugway
-111.116,40.593,Lower Provo River,Kamas
-109.591,40.984,Lucerne,Manila
-111.717,38.556,Mackinaw,Loa
-111.146,39.809,Madsen Bay  - Scofield State Park,Huntington
-111.666,41.27,Magpie,Ogden
-112.486,38.269,Mahogany Cove,Beaver
-111.4,41.965,Main - Bear Lake State Park,Garden City
-111.738,38.525,Mallard Bay Overflow,Richfield
-109.709,40.924,Manns - Flaming Gorge,Manila
-111.542,39.254,Manti,Manti
-111.692,39.964,Maple Bench,Payson
-111.687,39.557,Maple Canyon,Moroni
-112.09,39.015,Maple Grove,Scipio
-112.172,39.061,Maple Hollow,
-111.693,39.957,Maple Lake,Payson
-111.866,41.228,Maples,Ogden
-110.397,40.952,Marsh Lake,Mountan View
-109.303,38.543,Masons Draw,Moab
-110.851,38.072,McMillan Springs,Hanksville
-112.705,37.067,Meadows - Coral Pink Sand Dunes Dispersed,Kanab
-111.103,40.489,Mill Hollow,Woodland
-111.193,39.091,Millsite State Park,Ferron
-110.624,40.534,Miners Gulch,Duchesne
-112.83,38.215,Minersville State Park,Minersville
-110.885,40.701,Mirror Lake,Kamas
-110.166,37.003,Mitten View Campground,
-111.031,38.339,Mix Pad Dispersed,Hanksville
-111.497,41.461,Monte Cristo,Woodruff
-110.513,40.57,Moon Lake,Duchesne
-109.597,38.542,Moonflower Canyon,Moab
-110.892,40.695,Moosehorn,Kamas
-111.13,39.79,Mountain View  - Scofield State Park,Huntington
-111.603,40.407,Mt. Timpanogos,Orem
-109.44,40.927,Mustang Ridge - Flaming Gorge,Dutch John
-109.985,37.609,Natural Bridges,Blanding
-112.788,37.521,Navajo Lake,Cedar City
-109.539,37.781,Nizhoni,Blanding
-112.168,37.638,North - Bryce National Park,Bryce Canyon
-111.942,39.353,North and West Beaches  - Yuba State Park,Levan
-111.907,41.37,North Fork County Park,Eden
-112.053,41.417,North Marina - Willard Bay State Park,Willard
-111.621,40.329,Nunns Park,Orem
-112.26,39.353,Oak Creek,Oak City
-111.342,38.089,Oak Creek,Torrey
-113.452,37.317,Oak Grove,Pine Valley
-109.476,38.644,Oak Grove,Moab
-109.624,40.742,Oaks Park,Vernal
-112.351,39.689,Oasis - Little Sahara Rec Area,Nephi
-112.028,39.377,Oasis - Yuba State Park,Levan
-111.159,39.539,Old Folks Flat,Huntington
-109.272,38.503,Oowah,Moab
-112.016,38.167,Otter Creek State Park,Antimony
-112.027,39.405,Painted Rocks - Yuba State Park,Levan
-111.669,39.209,Palisade State Park,Sterling
-112.655,37.701,Panguitch Lake,Panguitch
-109.913,40.666,Paradise,Lapoint
-112.984,37.909,Parowan Gap Petroglyphs,Parowan
-111.643,39.93,Payson Lakes,Payson
-109.685,40.203,Pelican Lake,Vernal
-111.649,41.285,Perception Park,Ogden
-111.949,37.744,Pine Lake,Bryce Canyon
-114.024,37.522,Pine Park,
-113.469,37.377,Pine Valley Rec Area,Veyo
-111.692,41.628,Pioneer,Hyrum
-111.653,38.618,Piute,Loa
-112.198,38.32,Piute State Park,Antimony
-111.337,38.102,Pleasant Creek,Torrey
-112.831,37.61,Point Supreme - Cedar Breaks National Monument,Cedar City
-110.06,40.679,Pole Creek,Whiterocks
-112.673,37.089,Ponderosa Grove - Coral Pink Sand Dunes,Kanab
-111.713,39.766,Ponderosa Uinta,Nephi
-111.695,37.938,Posy Lake,Escalante
-111.268,39.45,Potters Pond,Huntington
-111.653,41.774,Preston Valley,Logan
-110.917,39.759,Price Canyon,Price
-113.395,37.187,Quail Creek State Park,Hurricane
-111.564,41.899,Red Banks,Garden City
-112.309,37.743,Red Canyon,Panguitch
-109.559,40.889,Red Canyon - Flaming Gorge,Dutch John
-113.405,37.225,Red Cliffs,St. George
-109.421,40.589,Red Fleet State Park,Vernal
-109.707,40.803,Red Springs,Vernal
-111.588,40.615,Redman,Murray
-111.348,41.846,Rendezvous - Bear Lake State Park,Laketown
-111.148,40.12,Renegade,Heber City
-110.325,40.575,Reservoir,Roosevelt
-110.337,40.59,Riverview,Altonah
-111.586,40.269,Rock Canyon,Heber City
-111.34,40.602,Rock Cliff - Jordanelle State Park,Heber City
-111.978,37.497,Rock Springs Bench - Grand Staircase Nat Mon,Henrieville
-111.394,40.783,Rockport State Park,Peoa
-110.665,39.079,San Rafael Bridge,Cleveland
-113.697,37.3,Sand Cove Reservoir,Veyo
-109.509,38.582,Sand Flats,Moab
-113.385,37.123,Sand Hollow State Park,Hurricane
-109.613,37.264,Sand Island,Bluff
-112.389,39.639,Sand Mountain  - Little Sahara Rec Area,Nephi
-111.341,40.141,Sawmill Hollow,Springville
-111.012,40.592,Shady Dell,Kamas
-111.337,39.98,Sheep Creek,Payson
-109.675,40.923,Sheep Creek Bay - Flaming Gorge,Flaming Gorge
-111.134,40.617,Shingle Creek ATV,Kamas
-112.782,40.035,Simpson Springs,
-111.334,38.161,Singletree,Teasdale
-109.526,40.865,Skull Creek - Flaming Gorge,Dutch John
-111.106,40.766,Smith - Morehouse,Oakley
-111.753,41.87,Smithfield,
-113.642,37.203,Snow Canyon State Park,Ivins
-111.027,40.579,Soapstone,Kamas
-111.053,40.156,Soldier Creek,Heber City
-112.983,37.204,South - Zion National Park,Springdale
-111.272,41.925,South Eden - Bear Lake State Park,Garden City
-111.654,41.281,South Fork,Huntsville
-112.076,41.353,South Marina - Willard Bay State Park,Willard
-110.661,38.657,South Temple Wash - dispersed,Hanksville
-111.502,40.024,Spanish Fork River Park,Spanish Fork
-111.601,40.073,Spanish Oaks Campground,Spanish Fork
-110.001,40.837,Spirit Lake,Manila
-109.253,40.442,Split Mountain - Dinosaur National Monument,Jensen
-111.423,39.442,Spring City,
-111.717,41.753,Spring Hollow,Logan
-112.774,37.519,Spruces,Cedar City
-111.636,40.642,Spruces,Salt Lake City
-109.071,37.383,Square Tower Ruins - Hovenweep National Monument,Bluff
-109.801,38.147,Squaw Flat - Canyonlands National Park,Monticello
-110.7,37.507,Stanton Creek - Glen Canyon National Rec Area,Lake Powell
-110.662,37.849,Star Spring,Hanksville
-110.454,40.19,Starvation State Park,Duchesne
-112.032,37.001,State Line - House Rock Valley,Marble Canyon
-110.383,40.983,Stateline,Mountain View
-111.336,37.87,Steep Creek Bench - Burr Trail Rd - Grand Staircase Nat Mon,Boulder
-109.542,40.514,Steinaker State Park,Vernal
-110.835,40.868,Stillwater,Evanston
-111.175,40.182,Strawberry Bay - Strawberry Reservoir,Provo
-110.884,40.791,Sulphur,Evanston
-111.519,38.342,Sunglow,Bicknell
-111.461,41.92,Sunrise,Garden City
-111.84,41.004,Sunset,Farmington
-112.175,37.622,Sunset - Bryce National Park,Bryce Canyon
-110.345,40.6,Swift Creek,Altonah
-110.914,38.365,Swing Arm City OHV Dispersed,Hanksville
-111.698,40.572,Tanners Flat,Sandy
-111.134,40.618,Taylors Fork ATV,Kamas
-112.818,37.534,Te - Ah,Cedar City
-112.414,38.301,Three Creeks Reservoir Dispersed,Beaver
-111.646,40.432,Timpooneke,
-111.729,39.901,Tinney Flat,Santaquin
-111.638,41.891,Tony Grove Lake,Logan
-110.952,40.682,Trial Lake,Kamas
-111.488,39.123,Twelve Mile Flat,Mayfield
-110.144,40.623,Uinta Canyon,Roosevelt
-111.387,40.03,Unicorn,Spanish Fork
-109.489,38.649,Upper Big Bend,Moab
-111.636,41.291,Upper Meadows,Ogden
-112.594,40.492,Upper Narrows,Salt Lake City
-111.541,39.188,Upper Six Mile Ponds,Sterling
-110.701,40.556,Upper Stillwater,Mountain Home
-111.734,40.237,Utah Lake State Park,Provo
-109.85,37.316,Valley of the Gods Dispersed,Bluff
-112.385,39.988,Vernon Reservoir,Vernon
-110.159,40.636,Wandin,Roosevelt
-111.653,40.47,Warner,Pleasant Grove
-109.276,38.519,Warner Lake,Moab
-111.489,40.548,Wasatch Mountain State Park,Park City
-113.409,37.166,Washington County Regional Park,Hurricane
-110.961,40.679,Washington Lake,Kamas
-112.988,37.196,Watchman - Zion National Park,Springdale
-111.601,41.295,Weber Memorial Park,Huntsville
-110.76,39.094,Wedge Overlook,Cleveland
-112.589,37.746,White Bridge,Panguitch
-111.89,37.08,White House Trailhead - Paria Canyon - Grand Staircase Nat Mon,Page
-112.315,39.74,White Sands - Little Sahara Rec Area,Nephi
-109.942,40.62,Whiterocks,Whiterocks
-111.528,40.132,Whiting,Mapleton
-109.606,38.536,Williams Bottom,Moab
-109.889,38.383,Willow Flat - Island in the Sky - Canyonlands National Park,Moab
-111.613,39.162,Willow Lake,Manti
-111.901,40.391,Willow Park - Lehi,Lehi
-109.673,38.696,Willow Springs Trail Dispersed,Moab
-109.713,40.923,Willows,Manila
-111.633,41.292,Willows,Ogden
-109.462,38.176,Windwhistle,Moab
-111.644,41.797,Wood Camp,Logan
-110.637,40.536,Yellow Pine,Mountain Home
-111.173,40.631,Yellow Pine,Kamas
-110.337,40.542,Yellowstone,Mountain Home
-110.333,40.546,Yellowstone Bridge,Altonah